t_s,P_bar,Level_m,SP_bar,PV01_pct,LV01_pct
0.0,3.025137728463501,0.30734885044496063,2.0,8.30054242966076,0.0245027244088753
5.0,2.790297286383476,0.30787311251089006,2.0,4.938313037260768,1.191451434654435
10.0,2.6640371089702315,0.30718277574185165,2.0,4.316239137907287,1.1642468918188469
15.0,2.639848904855504,0.3066431550417364,2.0,4.261685964021004,1.1460137845488891
20.0,2.626619681515388,0.3053214229032353,2.0,4.24119595281377,1.0956487881727848
25.0,2.6101621942471342,0.304144870004673,2.0,4.205551287060299,1.0506881430806179
30.0,2.5905073917810184,0.30301624651581627,2.0,4.1561377152651,1.007060912666198
35.0,2.568880011951944,0.3019662000159816,2.0,4.097874938810103,0.9660578680786075
40.0,2.5462832372192032,0.30099067753876624,2.0,4.034705062249734,0.9275472125638992
45.0,2.5234732612837827,0.30008947290689897,2.0,3.969617501451973,0.8915586273117274
50.0,2.500838591172126,0.2992595731177021,2.0,3.904138281146328,0.8580066832712389
55.0,2.478696899874834,0.29849753332356055,2.0,3.8395556588323387,0.8267874301663671
60.0,2.4572344016480314,0.2977996344792702,2.0,3.776635305314579,0.7977841218243592
65.0,2.436555943468132,0.2971619775198268,2.0,3.7158276737730778,0.770870880583506
70.0,2.4167061425683274,0.29658055820419255,2.0,3.6573466430302854,0.7459156345889933
75.0,2.397707272286135,0.2960517691075823,2.0,3.6013216185775843,0.7228004813221792
80.0,2.37955528206944,0.29557193111897967,2.0,3.5477761098208265,0.7014027175591657
85.0,2.362231490294953,0.2951376550395052,2.0,3.4966753370818466,0.6816096142817641
90.0,2.345532999788514,0.29474575770929157,2.0,3.447220555172321,0.6633150756777177
95.0,2.32976304510492,0.2943927632661478,2.0,3.4007217422754756,0.646399460162456
100.0,2.3147505711263543,0.2940769312385211,2.0,3.3564851229880333,0.63081207715975
105.0,2.3004323386567975,0.29379526407707857,2.0,3.314303234193547,0.6164498557138256
110.0,2.2867692520678373,0.293545329554971,2.0,3.2740548650291577,0.6032314861348748
115.0,2.273726982146987,0.2933248924811144,2.0,3.2356342161199176,0.5910823489108178
120.0,2.2612727821429064,0.29313190535015543,2.0,3.1989398622024163,0.5799343063361173
125.0,2.249375200764708,0.2929644712181087,2.0,3.1638739585904467,0.5697242872630849
130.0,2.2379997866070496,0.2928208298675749,2.0,3.130324508012219,0.5603938067318232
135.0,2.227102248608398,0.29269933491989564,2.0,3.0981372560639326,0.5518881055651711
140.0,2.216797075101543,0.29259842779952605,2.0,3.0678156522407702,0.5441551522156125
145.0,2.2068513431962504,0.29251703412086943,2.0,3.038411235939569,0.5371618248181251
150.0,2.1973100959994363,0.2924533401281412,2.0,3.010152200423132,0.5308442751102531
155.0,2.188166890681934,0.2924062848366013,2.0,2.9830275278751497,0.5251685336071946
160.0,2.179403126415606,0.29237474479811165,2.0,2.956980571235737,0.5200974075172744
165.0,2.1709988282809833,0.29235766356502624,2.0,2.931949266724465,0.5155958817374519
170.0,2.1629350272173853,0.29235404317278024,2.0,2.907874863538045,0.51163077980217
175.0,2.1551939784217247,0.2923629492258878,2.0,2.8847026425032825,0.5081710018284865
180.0,2.1477412629068766,0.29238318771538385,5.0,-9.587692323082685,0.5051744017532986
185.0,2.1405782687280492,0.2924144697213988,5.0,-9.45928641422799,0.502635125557899
190.0,2.2552468855286625,0.2924556667538789,5.0,-9.125666441651159,0.5005128232393364
195.0,2.37101126056908,0.292703040051585,5.0,-8.793948802637056,0.5068005104264173
200.0,2.487359855444227,0.29293083259316416,5.0,-8.438925718735577,0.5123737122349409
205.0,2.6040341956039157,0.2931396009647388,5.0,-7.9721957835683686,0.5172904427462947
210.0,2.7212818479008334,0.29332108777072924,5.0,-7.503147843166975,0.5212050025581605
215.0,2.83882668797712,0.2934769893098873,5.0,-7.032938764083893,0.5241744417260602
220.0,2.956822549215141,0.2936077453907734,5.0,-6.560910217015634,0.5262035285652359
225.0,3.0746035807318193,0.29371580570248335,5.0,-6.089807573921055,0.5273793047310407
230.0,3.1927067159950484,0.2938016102547683,5.0,-5.617362822493484,0.5277078407979383
235.0,3.3108944466451833,0.29386693904481487,5.0,-5.1446034403542535,0.5272503667697604
240.0,3.4291149219780497,0.29391321403335124,5.0,-4.671718264554515,0.5260541625675892
245.0,3.547636932084641,0.2939412109983137,5.0,-4.197600070650778,0.5241409910605301
250.0,3.665915675677666,0.2939538271303515,5.0,-3.7245094229300344,0.5216194737406326
255.0,3.784179239803342,0.29395138491594336,5.0,-3.251456684374064,0.5184944659529891
260.0,3.9024127726956412,0.2939356534770428,5.0,-2.778525555928206,0.5148303772905901
265.0,4.020603326873711,0.29390795717841056,5.0,-2.3057676370873503,0.5106741109625591
270.0,4.138964116712856,0.2938690509926429,5.0,-1.8323074541646616,0.506050147050746
275.0,4.257069665138698,0.29382135225401057,5.0,-1.3599107846026222,0.5010511151218862
280.0,4.375100281395464,0.2937654501329226,5.0,-0.8877958127924672,0.49569611466833746
285.0,4.492867985303065,0.2937029884510069,5.0,-0.4167512883969784,0.4900478297050473
290.0,4.610617567552119,0.293634521542294,5.0,0.054245228433379866,0.48412521308232004
295.0,4.728668402037628,0.2935605163232363,5.0,0.5264786915990629,0.47794415481956104
300.0,4.838425938589239,0.29348396831594525,5.0,0.964679508012118,0.47162371012824433
305.0,4.878776445088514,0.2934011207090475,5.0,1.1191408310039828,0.4650091062869367
310.0,4.853367603606933,0.29329227732791585,5.0,1.0109295302795733,0.45729631055078185
315.0,4.8061239215171065,0.29316717194079744,5.0,0.8197713178594437,0.44887242863524696
320.0,4.776201558156935,0.2930484062863754,5.0,0.701813996291724,0.44064727354809247
325.0,4.774935987663985,0.2929534221633996,5.0,0.6996173936066468,0.43332937601704885
330.0,4.790702360123488,0.2928857998576749,5.0,0.7643860777399021,0.427072856080348
335.0,4.806277424755212,0.29283843458866815,5.0,0.8266672054840205,0.4216015140217566
340.0,4.811632462290896,0.29280223402990047,5.0,0.8470653529171512,0.4165568416280472
345.0,4.807756371354408,0.2927718113410804,5.0,0.8306378763239834,0.41172699531977347
350.0,4.80109227351244,0.29274737846466714,5.0,0.803702684265563,0.40712456745805886
355.0,4.796722742247234,0.29273133130933604,5.0,0.7864540158624167,0.40285002404369924
360.0,4.796309279584441,0.29272510692678777,5.0,0.7851957720714842,0.3989655667597189
365.0,4.798317611518477,0.2927286786391621,5.0,0.7934712792673104,0.3954747337932567
370.0,4.800097195504787,0.2927406478803694,5.0,0.8005667404177776,0.3923255068875013
375.0,4.800682122138969,0.292759148799404,5.0,0.8027869812192954,0.38944642438415294
380.0,4.800082443752596,0.2927833701111441,5.0,0.8002698071717476,0.38680810598786874
385.0,4.7990500144778165,0.2928128344190544,5.0,0.7960968149837884,0.38439414411304373
390.0,4.798296451973367,0.29284742532044017,5.0,0.7931104516430225,0.38220251814738876
395.0,4.79805926326864,0.29288699813546293,5.0,0.7922133342040878,0.380229926198758
400.0,4.798149816250105,0.29293122633903496,5.0,0.7926083202985676,0.3784655985888665
405.0,4.798251168139179,0.29297963400440125,5.0,0.7930148077456218,0.3768925580980774
410.0,4.79817267707885,0.29303172693099505,5.0,0.7926828592093671,0.3754928756795727
415.0,4.7979183564674734,0.2930870942699136,5.0,0.7916479938087562,0.37425177125373577
420.0,4.797603266324926,0.2931454288531848,5.0,0.7903815562854501,0.37315846246004675
425.0,4.797334092365066,0.2932064868813798,5.0,0.7893094520642783,0.37220457171752164
430.0,4.797423549436738,0.2932700373467512,5.0,0.7897031434541197,0.37138210749318984
435.0,4.797319979914409,0.2933360847331699,5.0,0.7892695627054034,0.3706925447007318
440.0,4.797047460789727,0.2934040283793222,5.0,0.7881625912464412,0.3701126839884321
445.0,4.796734671043324,0.2934735908496247,5.0,0.7869074051986551,0.36963230199017394
450.0,4.7964838426739655,0.2935446835802663,5.0,0.7859102878589264,0.36924865905803883
455.0,4.796316258404804,0.2936171534493256,5.0,0.7852482751923009,0.3689563059727567
460.0,4.796192095729556,0.2936908327427123,5.0,0.7847559666507005,0.36874913596444625
465.0,4.796061070027343,0.2937655390319196,5.0,0.7842311775391506,0.3686203624478623
470.0,4.795898916378685,0.29384109916947104,5.0,0.783579450149875,0.36856348830432456
475.0,4.79571221693609,0.2939173616470026,5.0,0.7828301978001022,0.3685728086970844
480.0,4.795521456911948,0.2939941969939652,5.0,0.7820667516453788,0.3686434356464558
485.0,4.7953422103485845,0.29407149002616767,5.0,0.7813509167380019,0.3687709934846876
490.0,4.795177153534244,0.2941491321266073,5.0,0.7806921084555412,0.3689513133792245
495.0,4.795019648233151,0.2942270180485656,5.0,0.7800628424024934,0.3691803080461425
500.0,4.79486180424593,0.2943050470878633,5.0,0.7794314325849994,0.36945402178545056
505.0,4.794700074716513,0.29438312570559555,5.0,0.7787841259131092,0.36976873926322457
510.0,4.794535708350815,0.29446116902436414,5.0,0.7781263967666907,0.37012104946635777
515.0,4.794372036734967,0.2945391003826501,5.0,0.777471779778284,0.3705078315970235
520.0,4.794211451630094,0.29461684981348,5.0,0.7768297480098887,0.37092619735147003
525.0,4.794054247946675,0.29469435255445375,5.0,0.7762012714183573,0.3713734339296751
530.0,4.79389926742915,0.29477154832796365,5.0,0.775581571664846,0.37184697764056
535.0,4.793745243895834,0.29484838129202423,5.0,0.7749655732300031,0.3723444142871055
540.0,4.79359165290547,0.2949248002196258,5.0,0.7743512525228449,0.37286348869368957
545.0,4.793438739957607,0.29500075848181884,5.0,0.7737396685356428,0.37340210628923853
550.0,4.793287042696033,0.2950762137455034,5.0,0.7731330010579738,0.37395832310967164
555.0,4.793136916597206,0.2951511275211438,5.0,0.7725326537789403,0.37453032959825056
560.0,4.792988375976929,0.29522546473445527,5.0,0.7719386498456882,0.3751164351854707
565.0,4.792841014408054,0.29529919348849,5.0,0.7713493214753304,0.37571506039924907
570.0,4.792694830317896,0.2953721999341415,5.0,0.7707647028625693,0.3763212737307033
575.0,4.79254985237991,0.29544454253034474,5.0,0.7701849117258412,0.37693711607411634
580.0,4.792406118655357,0.295516197940584,5.0,0.7696101012489738,0.3775612940167849
585.0,4.7922636176423445,0.2955871510333742,5.0,0.7690402204680771,0.37819285278159037
590.0,4.792122329915193,0.29565738332172514,5.0,0.7684751908880567,0.3788306918156034
595.0,4.79198221612569,0.2957268784967014,5.0,0.7679148531238087,0.3794737906403284
600.0,4.791843256624738,0.2957956218631935,2.0,13.206951293380095,0.38012118586991445
605.0,4.7917054498491884,0.295863600591308,2.0,13.045985454042894,0.38077198236247217
610.0,3.354193813778776,0.2959298270497158,2.0,7.219911217520697,0.3813856037697014
615.0,2.347935668864184,0.2956722912592012,2.0,3.255400770421122,0.3688555653289322
620.0,1.6435549677049288,0.29559814366340564,2.0,0.45024345854488046,0.36372541096775696
625.0,1.2758616293076854,0.2956079157907165,2.0,-1.0230680773025074,0.3619370379001704
630.0,1.379947329462243,0.2957203310097227,2.0,-0.590550006355985,0.36431434078362024
635.0,1.496746980353991,0.29626855686268866,2.0,-0.14724265869757458,0.38446481546039385
640.0,1.6136641366578381,0.2968012541543143,2.0,0.3011209238919159,0.4041702284903084
645.0,1.7306105144899766,0.29730503557957383,2.0,0.7554398830977977,0.4229682201172034
650.0,1.8294869932139435,0.29777081780627,2.0,1.1406131577435454,0.44047731824847325
655.0,1.8955804608112934,0.29818809252865264,2.0,1.396487750060848,0.4562526519072417
660.0,1.9303563102269876,0.29855268800264256,2.0,1.5289772014168086,0.4701022790184815
665.0,1.9431450068237714,0.2988750864019423,2.0,1.5750905228632415,0.48242731877650513
670.0,1.9444731480840545,0.2991675661298775,2.0,1.5764806897749262,0.4937043072245777
675.0,1.9419277342181964,0.2994412185854103,2.0,1.5630080655097898,0.504367249284114
680.0,1.939308711430023,0.29970325686791544,2.0,1.5494900490363654,0.5146980861836722
685.0,1.9377515613631526,0.2999572139038222,2.0,1.540255214109172,0.5248333583225336
690.0,1.937148020568062,0.30020420643721984,2.0,1.5347938128843908,0.5348137699765482
695.0,1.9370761221890178,0.30044425557736815,2.0,1.5314131897192693,0.5446364746925144
700.0,1.9371977740058886,0.3006771173082174,2.0,1.5287790407066384,0.5542880650987331
705.0,1.9373383089347873,0.30090263217184565,2.0,1.5262099841801755,0.5637585063563422
710.0,1.9374422929889368,0.3011207906513687,2.0,1.5234943799587453,0.5730437695861277
715.0,1.9375117318929596,0.3013316894482166,2.0,1.5206442676544718,0.5821441142476163
720.0,1.937564475115667,0.3015354741614536,2.0,1.5177317947329538,0.5910618170411012
725.0,1.937615627011802,0.30173230167451304,2.0,1.5148170245354258,0.5997996769606998
730.0,1.9376731831755938,0.301922323867384,2.0,1.5119315487761387,0.6083603655451922
735.0,1.9377335171311278,0.30210551635178073,2.0,1.5090598382340055,0.6167394571552575
740.0,1.9378028998960313,0.3022823000524875,2.0,1.5062284191693578,0.6249506734530347
745.0,1.9378822478067808,0.3024526935552853,2.0,1.5034409197172793,0.6329914823030073
750.0,1.937970341776751,0.3026168341546407,2.0,1.5006926872919204,0.6408642727738544
755.0,1.9380657192289166,0.3027748468086532,2.0,1.4979782114102476,0.6485709767496122
760.0,1.9381673884561637,0.3029268588656898,2.0,1.4952938869195522,0.6561136883445272
765.0,1.9382748596715396,0.3030729964323351,2.0,1.4926380949634457,0.6634945143284274
770.0,1.9383879230086514,0.3032133846516519,2.0,1.4900103036744992,0.6707155855574589
775.0,1.9385064681133102,0.3033481473442878,2.0,1.4874103556755547,0.6777790418297027
780.0,1.9386303772097209,0.3034774068437538,2.0,1.4848380473208587,0.6846870245915863
785.0,1.938759523120678,0.3036012839008856,2.0,1.4822931308021756,0.6914416723388341
790.0,1.9388937530116486,0.30371989767536733,2.0,1.4797752464146416,0.6980451194992575
795.0,1.9390329200483258,0.3038333657280922,2.0,1.4772840542783376,0.7044994953279478
800.0,1.9391768675579468,0.303941804042553,2.0,1.4748191657420133,0.7108069239800024
805.0,1.939325415603564,0.304045327018408,2.0,1.4723800887582599,0.7169695234556844
810.0,1.9394784470249744,0.3041440474716401,2.0,1.4699665851327297,0.7229894048162645
815.0,1.9396358217878225,0.304238076680362,2.0,1.4675783096076567,0.7288686732564205
820.0,1.9397974040367871,0.30432752433461246,2.0,1.4652149295539663,0.7346094252828506
825.0,1.939963037446198,0.30441249855852615,2.0,1.4628760201799644,0.7402137488325934
830.0,1.9401326001853378,0.3044931059027395,2.0,1.4605612940787633,0.7456837221765565
835.0,1.9403059431092111,0.30456945137884833,2.0,1.4582703409481905,0.7510214145367139
840.0,1.9404829445349203,0.30464163842988606,2.0,1.456002859727957,0.7562288841081518
845.0,1.9406639201022904,0.30470977254704884,2.0,1.4537603554167178,0.7613083244814124
850.0,1.9408482363273143,0.3047739504057767,2.0,1.4515403661989446,0.7662616227817284
855.0,1.9410356177893189,0.30483427047035216,2.0,1.4493419794601268,0.7710907890410923
860.0,1.9412260121742753,0.3048908298909189,2.0,1.4471651589009613,0.7757978286804205
865.0,1.9414193867798883,0.30494372455543234,2.0,1.4450099246844736,0.7803847445874627
870.0,1.9416156900535748,0.3049930488375391,2.0,1.4428762151487056,0.7848535262140205
875.0,1.9418148292697728,0.30503889557736713,2.0,1.4407637970712375,0.7892061480873703
880.0,1.9420167064030582,0.3050813560794163,2.0,1.4386724147162409,0.7934445689614885
885.0,1.9422212153973077,0.30512052014913127,2.0,1.4366017746492008,0.797570732538187
890.0,1.942428241119244,0.30515647610467433,2.0,1.4345515412656764,0.8015865671894125
895.0,1.9426376774424616,0.30518931079085904,2.0,1.4325214114907983,0.8054939857783584
900.0,1.9428494294416252,0.30521910960016785,2.0,1.4305111225271285,0.8092948857754196
905.0,1.943063376207174,0.3052459564819503,2.0,1.4285202978763212,0.8129911489021874
910.0,1.9432794503094803,0.3052699339364588,2.0,1.4265487795346958,0.8165846401653019
915.0,1.9434975681987545,0.3052911230643291,2.0,1.4245963338804273,0.8200772091469509
920.0,1.9437176472946083,0.3053096035345418,2.0,1.4226627287492306,0.8234706879911978
925.0,1.9439396046057555,0.3053254536085679,2.0,1.420747726045637,0.8267668916772887
930.0,1.944163350005578,0.30533875015088713,2.0,1.4188510539540728,0.8299676177391605
935.0,1.9443887867605467,0.30534956863971635,2.0,1.4169724094474898,0.8330746460014895
940.0,1.944615837963678,0.30535798318262397,2.0,1.4151115676030148,0.8360897385199221
945.0,1.9448444261079378,0.30536406654117615,2.0,1.413268295179564,0.8390146398957261
950.0,1.9450744883331832,0.30536789013047994,2.0,1.4114424159053032,0.8418510765792679
955.0,1.9453059054081159,0.30536952403826845,2.0,1.4096335149604085,0.8446007569736395
960.0,1.9455386471986629,0.3053690370066683,2.0,1.407841546954091,0.8472653700250895
965.0,1.945774220069802,0.30536649651707126,2.0,1.4060728325501972,0.8498465880081448
970.0,1.9460112148152982,0.30536370600796614,2.0,1.4043215144603822,0.8524167706440214
975.0,1.9462486752065742,0.305359403221804,2.0,1.4025838363503929,0.8549240583530261
980.0,1.946486427398751,0.3053532668209633,2.0,1.400859195669128,0.8573548690069447
985.0,1.9467247562895007,0.3053452375234476,2.0,1.399148806716459,0.8597059372887055
990.0,1.9469637958730754,0.30533545581177945,2.0,1.3974532259136945,0.8619820462450385
995.0,1.9472036136813988,0.30532390292602946,2.0,1.3957727556535326,0.8641815280432369
1000.0,1.9474446083319956,0.30531059658830184,2.0,1.394109082356747,0.8663042221378877
1005.0,1.9476862464666265,0.30529556250748857,2.0,1.392460011567005,0.8683502946104842
1010.0,1.9479286183863207,0.3052790553658273,2.0,1.3917387107372523,0.8703292420147765
1015.0,1.9481714921461022,0.3052611217063571,2.0,1.3927102559603868,0.8722421711855863
1020.0,1.9483414511975672,0.30524158145239627,2.0,1.3933828006954152,0.8740810304344528
1025.0,1.9483100553092494,0.30522067536488356,2.0,1.3932370816481656,0.875854851449676
1030.0,1.9481216143217768,0.3051984326580653,2.0,1.3924676131883598,0.8775640921821165
1035.0,1.9478581256715093,0.30517499328336856,2.0,1.3914061538210105,0.8792137745023559
1040.0,1.9475778488416364,0.3051504871841492,2.0,1.3902833676835584,0.8808085607807526
1045.0,1.9473071340989354,0.30512477651542175,2.0,1.3892014649214715,0.8823422813754629
1050.0,1.9470509881312328,0.3050981461228671,2.0,1.388178337928161,0.883825954789946
1055.0,1.9468056869453312,0.30507063418484465,2.0,1.3871982176627347,0.8852606180523758
1060.0,1.9465663972813438,0.30504227956637053,2.0,1.3862416601589767,0.8866474045605062
1065.0,1.9463300064463986,0.3050131133750697,2.0,1.3852963867021,0.8879871512814423
1070.0,1.9460952567741843,0.3049831684088662,2.0,1.3843575521295155,0.8892807810827545
1075.0,1.9458619853693027,0.3049524784618844,2.0,1.3834246143367226,0.8905292734382693
1080.0,1.9456304236706812,0.3049210776184456,2.0,1.3824985385128625,0.8917336363306494
1085.0,1.9454006038772846,0.30488899953678045,2.0,1.3815794335297988,0.8928948773847877
1090.0,1.9451728746774166,0.30485604638062735,2.0,1.3806687257896797,0.89400459931408
1095.0,1.944947336977657,0.304822479133724,2.0,1.3797667941406524,0.8950730261866584
1100.0,1.94472395416924,0.3047883291740245,2.0,1.3788734783961183,0.8961010758431304
1105.0,1.944502453084111,0.30475362869873845,2.0,1.3779876622279312,0.897089761077941
1110.0,1.9442829694714776,0.3047184178873653,2.0,1.377109929524647,0.8980404354994805
1115.0,1.944065505706034,0.30468272194101503,2.0,1.376240276447592,0.8989538615889815
1120.0,1.9438500236593574,0.30464656945017965,2.0,1.3753785464327621,0.899830955371759
1125.0,1.9436364719864836,0.30460998794416666,2.0,1.374524532778647,0.9006726033002873
1130.0,1.9434247971808765,0.3045730043927687,2.0,1.3736780212429451,0.9014796830316756
1135.0,1.9432149772928358,0.30453564508556247,2.0,1.372838927182539,0.9022530581350464
1140.0,1.9430069759593103,0.3044979356634703,2.0,1.3720071037038886,0.9029935790601168
1145.0,1.9428007775031904,0.30445990109741294,2.0,1.3711824901671494,0.9037020819377369
1150.0,1.94259636002233,0.30442156571296014,2.0,1.3703649983412336,0.9043793892524258
1155.0,1.9423936960573704,0.30438295318292213,2.0,1.3695545178329858,0.9050263092132496
1160.0,1.942192766353853,0.30434408653954925,2.0,1.36875097244506,0.905643635925442
1165.0,1.9419935498619216,0.3043049881899485,2.0,1.3679542777984932,0.9062321496951405
1170.0,1.9417960221629296,0.30426567992003783,2.0,1.367164335881819,0.9067926168746709
1175.0,1.9416001582343567,0.3042261829048181,2.0,1.3663810465445696,0.9073257899692296
1180.0,1.9414059414924212,0.30418651772041116,2.0,1.365604344295491,0.9078324078193195
1185.0,1.941213349748494,0.304146704357066,2.0,1.3648341398195833,0.9083131958282573
1190.0,1.9410223656346217,0.3041067622221192,2.0,1.3640703641270995,0.908768865787125
1195.0,1.940832745868294,0.3040667101552965,2.0,1.3633120214965428,0.9092001162054912
1200.0,1.9406447101492181,0.3040263343778305,2.0,1.362560037024965,0.9095981875536371
1205.0,1.9404583010112075,0.3039858840582619,2.0,1.361814563131029,0.9099731018916027
1210.0,1.9402734964938013,0.3039453764220838,2.0,1.3610755055234647,0.9103254731921997
1215.0,1.9400902439300225,0.30390483580808336,2.0,1.360342650463712,0.9106562599406594
1220.0,1.9399084862908198,0.3038642784166844,2.0,1.359615769399359,0.9109661001375632
1225.0,1.9397281974438223,0.30382371998694857,2.0,1.3588947608905895,0.911255622733937
1230.0,1.9395493564971038,0.30378317552744066,2.0,1.3581795418937435,0.9115254349113867
1235.0,1.93937194098948,0.3037426595574914,2.0,1.3574700224071579,0.9117761315900741
1240.0,1.9391959368884983,0.3037021861102582,2.0,1.3567661471438952,0.912008295260417
1245.0,1.9390213265574845,0.3036617687535674,2.0,1.3560678451968364,0.9122224965876771
1250.0,1.9388480989804875,0.3036214205929094,2.0,1.3553750731642502,0.9124192942970202
1255.0,1.9386762375375093,0.3035811542855074,2.0,1.3546877640057393,0.9125992355143449
1260.0,1.9385057258117269,0.30354098204376745,2.0,1.3540058520743292,0.9127628556797625
1265.0,1.9383369008594484,0.3035009190254001,2.0,1.3533307209425658,0.9129108163024432
1270.0,1.9381693594829714,0.3034609732486103,2.0,1.3526606837942379,0.9130434953034725
1275.0,1.9380029769965494,0.30342115540140197,2.0,1.3519952697375555,0.9131613847017557
1280.0,1.93783776212806,0.30338147589827824,2.0,1.3513345270253911,0.9132649701947625
1285.0,1.93767375428517,0.30334194494678207,2.0,1.3506786163563913,0.9133547343186323
1290.0,1.9375109836458404,0.3033025723745573,2.0,1.3500276575194285,0.9134311492927754
1295.0,1.9373494547039483,0.3032633676115254,2.0,1.3493816659216038,0.9134946761390994
1300.0,1.9371891571291104,0.30322433969153656,2.0,1.3487405987589578,0.9135457645539229
1305.0,1.9370300753797987,0.3031854972736143,2.0,1.3481043933442636,0.9135848535742541
1310.0,1.9368721919220717,0.30314684865933295,2.0,1.3474729793425142,0.9136123720933935
1315.0,1.9367154928373473,0.30310840180482723,2.0,1.3468463014409169,0.9136287391675338
1320.0,1.936559959802302,0.3030701643316224,2.0,1.3462242859057034,0.9136343642814129
1325.0,1.936405583108694,0.3030321435312575,2.0,1.3456068947654147,0.9136296473670134
1330.0,1.936252345858004,0.30299434637833955,2.0,1.3449940597069474,0.913614979168954
1335.0,1.9361002349613532,0.3029567795307134,2.0,1.3443857287557477,0.913590741090324
1340.0,1.93594924253229,0.30291944934284876,2.0,1.3437818708862534,0.9135573055791136
1345.0,1.935799352689874,0.3028823618720927,2.0,1.3431824217752544,0.9135150362283405
1350.0,1.93565054955923,0.3028455228807101,2.0,1.3425873179238557,0.913464287709265
1355.0,1.9355028306796116,0.30280893784831925,2.0,1.3419965508304845,0.9134054061295893
1360.0,1.9353561745810386,0.30277261198248767,2.0,1.341410032714297,0.9133387293208819
1365.0,1.935210572405516,0.3027365502122624,2.0,1.3408277294045114,0.9132645864371243
1370.0,1.9350660147072083,0.3027007572107088,2.0,1.3402496030590023,0.9131832987340692
1375.0,1.9349224878356175,0.3026652373932142,2.0,1.3396755986553108,0.9130951793677036
1380.0,1.9347799807502073,0.3026299949237843,2.0,1.339105672292288,0.9130005335220114
1385.0,1.934638482811459,0.30259503372481306,2.0,1.3385397814519608,0.9128996586796607
1390.0,1.9344979785924727,0.302560357482019,2.0,1.3379778639479922,0.9127928447001425
1395.0,1.9343584620673084,0.3025259696493949,2.0,1.3374198966167175,0.9126803739019097
1400.0,1.9342199228173385,0.30249187346091355,2.0,1.336865837344357,0.912562521421942
1405.0,1.9340823504208071,0.30245807192946494,2.0,1.3363156444435753,0.9124395550601369
1410.0,1.933945731666642,0.30242456785578226,2.0,1.3357692647911512,0.9123117355322736
1415.0,1.9338100547457784,0.30239136383353427,2.0,1.3352266512910271,0.9121793165694082
1420.0,1.9336753130580295,0.30235846225740476,2.0,1.3346877780633433,0.9120425451421538
1425.0,1.9335414956035284,0.30232586532921263,2.0,1.3341526006686635,0.9119016616086625
1430.0,1.9334085939882522,0.3022935750590767,2.0,1.333621085791481,0.9117568996643759
1435.0,1.9332765942202925,0.3022615932743641,2.0,1.3330931769043741,0.9116084866101368
1440.0,1.9331454951126978,0.3022299216219461,2.0,1.3325688705400318,0.9114566433508503
1445.0,1.9330152790805357,0.3021985615803837,2.0,1.3320480947189266,0.9113015848007173
1450.0,1.9328859365455067,0.30216751445275103,2.0,1.3315308119285238,0.9111435195045712
1455.0,1.9327574661320868,0.3021367813843498,2.0,1.331017017487005,0.910982650272543
1460.0,1.9326298528674135,0.302106363364434,2.0,1.3305066501431866,0.9108191741678264
1465.0,1.9325030885828127,0.30207626122270453,2.0,1.3299996779027907,0.9106532822856361
1470.0,1.9323771619128265,0.3020464756443603,2.0,1.3294960549843073,0.910485160286725
1475.0,1.9322520716955824,0.30201700716958524,2.0,1.3289957777606052,0.910314988301228
1480.0,1.9321278047721135,0.301987856202935,2.0,1.3284987923961071,0.9101429412383111
1485.0,1.932004348187664,0.3019590230082262,2.0,1.3280050470922113,0.9099691885084599
1490.0,1.9318817019880097,0.3019305077207431,2.0,1.3275145433320734,0.9097938944509525
1495.0,1.9317598542242538,0.30190231035452086,2.0,1.3270272321206396,0.9096172185635761
1500.0,1.931638795951299,0.301874430795522,2.0,1.3265430779779006,0.9094393151628275
1505.0,1.9315185214235313,0.3018468688141409,2.0,1.3260620582413485,0.9092603338301778
1510.0,1.9313990237018548,0.30181962406798,2.0,1.3255841450352515,0.909080419464776
1515.0,1.93128028685055,0.30179269610369835,2.0,1.3251092737170698,0.9088997123017346
1520.0,1.9311623109310085,0.30176608435940644,2.0,1.32463744613208,0.908718347953759
1525.0,1.9310450886102366,0.301739788178086,2.0,1.324168632208869,0.9085364579025789
1530.0,1.930928610759458,0.3017138067993579,2.0,1.3237027952527545,0.9083541691136516
1535.0,1.930812870252944,0.30168813936748995,2.0,1.323239906961124,0.9081716043120512
1540.0,1.9306978577660692,0.30166278493636534,2.0,1.3227799298155891,0.907988882135398
1545.0,1.930583567774983,0.3016377424713232,2.0,1.322322842100823,0.9078061171625902
1550.0,1.9304699909599377,0.30161301085490044,2.0,1.321868606158246,0.9076234201028546
1555.0,1.9303571245995825,0.3015885888867986,2.0,1.3214172117622947,0.9074408977518452
1560.0,1.9302449597829996,0.3015644752911624,2.0,1.32096862265034,0.9072586532464717
1565.0,1.9301334937931693,0.30154066871402097,2.0,1.3205228285736943,0.9070767859215227
1570.0,1.9300227097242968,0.30151716773186277,2.0,1.3200797604902998,0.9068953916201228
1575.0,1.9299126098640553,0.3014939708472474,2.0,1.3196394294701972,0.9067145624786398
1580.0,1.9298031849065804,0.3014710765054765,2.0,1.319201797130574,0.9065343875691114
1585.0,1.9296944313457427,0.3014484830824611,2.0,1.318766850026887,0.9063549523734766
1590.0,1.9295863362857195,0.301426188896437,2.0,1.3183345356368759,0.906176339228131
1595.0,1.9294788958192461,0.30140419220451503,2.0,1.3179048392303372,0.9059986271523293
1600.0,1.9293721084463067,0.30138249121365823,2.0,1.3174777550479329,0.9058218922650993
1605.0,1.9292659618716586,0.30136108407809775,2.0,1.3170532328291693,0.9056462076527885
1610.0,1.9291604545993413,0.30133996889789877,2.0,1.3166312676701333,0.9054716432848509
1615.0,1.9290555801349962,0.30131914373068114,2.0,1.3162118330935504,0.9052982664640824
1620.0,1.9289513311895488,0.3012986065860401,2.0,1.3157948998636502,0.9051261415759753
1625.0,1.9288477022725747,0.3012783554310055,2.0,1.3153804461986014,0.9049553302880167
1630.0,1.9287446900990366,0.3012583881931041,2.0,1.3149684591787927,0.9047858916519381
1635.0,1.9286422831820966,0.3012387027620758,2.0,1.3145588920366924,0.9046178821532203
1640.0,1.9285404768331533,0.30121929698870686,2.0,1.314151726697719,0.9044513556443475
1645.0,1.9284392725688917,0.30120016869368965,2.0,1.3137469698491406,0.9042863636861742
1650.0,1.928338656111327,0.3011813156668468,2.0,1.3133445627995513,0.9041229554995185
1655.0,1.9282386303685168,0.30116273566157903,2.0,1.3129445188997864,0.903961177723912
1660.0,1.928139187474029,0.30114442641067624,2.0,1.3125468056066674,0.9038010750440115
1665.0,1.9280403177469185,0.3011263856148105,2.0,1.312151384014963,0.9036426897077938
1670.0,1.927942021712182,0.3011086109509213,2.0,1.3117582572452546,0.903486061854082
1675.0,1.9278442878961188,0.30109110007729245,2.0,1.311367378202869,0.903331229705627
1680.0,1.9277471164178244,0.30107385062623043,2.0,1.310978748523468,0.9031782292607748
1685.0,1.92765050421573,0.3010568602159709,2.0,1.3105923556427101,0.9030270947665391
1690.0,1.9275544386160512,0.3010401264441453,2.0,1.3102081479042371,0.9028778584432748
1695.0,1.9274589199466474,0.30102364688925143,2.0,1.3098261279196493,0.9027305505355321
1700.0,1.9273639445363584,0.3010074191210834,2.0,1.3094462806044047,0.9025851997266987
1705.0,1.9272695081252031,0.30099144069320866,2.0,1.309068588859697,0.9024418328263711
1710.0,1.9271755974549165,0.300975709146855,2.0,1.3086929987526372,0.9023004749219571
1715.0,1.9270821610143523,0.30096022200978345,2.0,1.3083193004133524,0.9021611493258429
1720.0,1.926989451177009,0.30094497676490767,2.0,1.3079485337243013,0.9020238762917046
1725.0,1.926897266453285,0.30093019010971944,2.0,1.3075798473407678,0.9018975968569728
1730.0,1.9268055263966506,0.30091563978715735,2.0,1.3072129315809389,0.901773451114593
1735.0,1.926714231560193,0.3009013232849944,2.0,1.3068477967571264,0.9016514994346525
1740.0,1.926623402413935,0.3008872309498197,2.0,1.3064845267411145,0.9015314663359704
1745.0,1.9265330562185008,0.30087336028113115,2.0,1.3061231902544597,0.9014133640622924
1750.0,1.9264432066711978,0.30085970873149215,2.0,1.305763841730061,0.9012972002662885
1755.0,1.926353855908573,0.3008462739781012,2.0,1.30540648855803,0.9011829904789508
1760.0,1.9262649946855352,0.3008330536904413,2.0,1.3050510926198373,0.9010707487109204
1765.0,1.9261766179346897,0.30082004553844166,2.0,1.3046976340636744,0.9009604878272887
1770.0,1.9260887224136753,0.3008072471940948,2.0,1.3043461001025998,0.9008522196119921
1775.0,1.9260013044692432,0.3007946563303781,2.0,1.3039964760825296,0.9007459547246395
1780.0,1.9259143616554297,0.30078227062081514,2.0,1.3036487523403375,0.9006417026833593
1785.0,1.9258278817338144,0.3007700877407549,2.0,1.303302878943096,0.9005394719172286
1790.0,1.9257418674356699,0.300758105365121,2.0,1.302958868312865,0.900439269675317
1795.0,1.9256563155248052,0.3007463211787741,2.0,1.3026167069081342,0.9003411024486855
1800.0,1.9255712173532789,0.30073473286653396,2.0,1.3022763595959628,0.9002449755671686
